Tipo Muert.,Zona,Subzona,Area del Hecho,Lugar,Fecha Infraccion,Tipo Arma,Presunta Motivacion Observacion,Sexo,Estado Civil,Nacionalidad,Instruccion
ASESINATO,ZONA 7,EL ORO,URBANO,CASA/VILLA,2022-01-01,PISTOLA             ,EMOCIONAL,HOMBRE,SOLTERO,ECUADOR,
HOMICIDIO,ZONA 4,SANTO DOMINGO DE LOS TSACHILAS,RURAL,CENTROS DE REHABILITACION SOCIAL,2022-01-01,,RIÑAS,HOMBRE,NO DETERMINADO,VENEZUELA,
ASESINATO,ZONA 8,D.M. GUAYAQUIL,URBANO,VIA PUBLICA,2022-01-01,,RIÑAS,HOMBRE,SOLTERO,ECUADOR,
ASESINATO,ZONA 7,EL ORO,URBANO,CASA/VILLA,2022-01-01,,EMOCIONAL,HOMBRE,SOLTERO,ECUADOR,
ASESINATO,ZONA 7,EL ORO,RURAL,BOSQUE Y RESERVAS ECOLOGICAS,2022-01-01,,AMENAZA,HOMBRE,NO DETERMINADO,ECUADOR,
ASESINATO,ZONA 5,LOS RIOS,RURAL,VIA PUBLICA,2022-01-01,,ROBO A PERSONAS,HOMBRE,SOLTERO,ECUADOR,
ASESINATO,ZONA 5,GUAYAS,URBANO,CASA/VILLA,2022-01-01,,RIÑAS,HOMBRE,EN UNION DE HECHO,ECUADOR,BASICA
ASESINATO,ZONA 6,CAÑAR,RURAL,VIA PUBLICA,2022-01-01,,TRAFICO INTERNOS DE DROGAS (MICROTRAFICO),HOMBRE,SOLTERO,ECUADOR,
ASESINATO,ZONA 4,MANABI,RURAL,VIA PUBLICA,2022-01-01,,AMENAZA,HOMBRE,DIVORCIADO,ECUADOR,
HOMICIDIO,ZONA 9,D.M. QUITO,RURAL,VIA PUBLICA,2022-01-02,,RIÑAS,HOMBRE,SOLTERO,ECUADOR,
ASESINATO,ZONA 8,D.M. GUAYAQUIL,URBANO,VIA PUBLICA,2022-01-02,,ROBO A UNIDADES ECONÓMICAS,HOMBRE,NO DETERMINADO,ECUADOR,
FEMICIDIO,ZONA 8,D.M. GUAYAQUIL,URBANO,CASA/VILLA,2022-01-02,,MALTRATO,MUJER,SOLTERO,ECUADOR,
ASESINATO,ZONA 5,LOS RIOS,URBANO,VIA PUBLICA,2022-01-02,,ROBO A PERSONAS,HOMBRE,SOLTERO,ECUADOR,
ASESINATO,ZONA 4,MANABI,RURAL,VIA PUBLICA,2022-01-01,ESCOPETA            ,MALTRATO,HOMBRE,SOLTERO,ECUADOR,
ASESINATO,ZONA 1,ESMERALDAS,URBANO,VIA PUBLICA,2022-01-03,,AMENAZA,HOMBRE,SOLTERO,ECUADOR,
ASESINATO,ZONA 4,MANABI,RURAL,VIA PUBLICA,2022-01-01,,AMENAZA,HOMBRE,SOLTERO,ECUADOR,
ASESINATO,ZONA 8,D.M. GUAYAQUIL,URBANO,VIA PUBLICA,2022-01-02,,TRAFICO INTERNOS DE DROGAS (MICROTRAFICO),HOMBRE,SOLTERO,ECUADOR,
ASESINATO,ZONA 8,D.M. GUAYAQUIL,URBANO,CASA/VILLA,2022-01-02,,TRAFICO INTERNOS DE DROGAS (MICROTRAFICO),HOMBRE,SOLTERO,ECUADOR,PRIMARIA
ASESINATO,ZONA 8,D.M. GUAYAQUIL,URBANO,TRANSPORTE PRIVADO,2022-01-03,,TRAFICO INTERNOS DE DROGAS (MICROTRAFICO),HOMBRE,SOLTERO,ECUADOR,BASICA
ASESINATO,ZONA 8,D.M. GUAYAQUIL,URBANO,TRANSPORTE PRIVADO,2022-01-03,,TRAFICO INTERNOS DE DROGAS (MICROTRAFICO),MUJER,SOLTERO,ECUADOR,
ASESINATO,ZONA 4,MANABI,URBANO,VIA PUBLICA,2022-01-02,,TRAFICO INTERNOS DE DROGAS (MICROTRAFICO),HOMBRE,SOLTERO,ECUADOR,
ASESINATO,ZONA 4,MANABI,URBANO,VIA PUBLICA,2022-01-02,,TRAFICO INTERNOS DE DROGAS (MICROTRAFICO),HOMBRE,SOLTERO,ECUADOR,
ASESINATO,ZONA 5,SANTA ELENA,URBANO,VIA PUBLICA,2022-01-03,,RIÑAS,HOMBRE,DIVORCIADO,ECUADOR,PRIMARIA
ASESINATO,ZONA 7,EL ORO,URBANO,VIA PUBLICA,2022-01-03,,TRAFICO INTERNOS DE DROGAS (MICROTRAFICO),HOMBRE,SOLTERO,ECUADOR,
ASESINATO,ZONA 5,LOS RIOS,URBANO,VIA PUBLICA,2022-01-03,,TRAFICO INTERNOS DE DROGAS (MICROTRAFICO),HOMBRE,SOLTERO,ECUADOR,
HOMICIDIO,ZONA 6,AZUAY,URBANO,CASA/VILLA,2022-01-03,,TRANSTORNOS MENTALES,HOMBRE,SOLTERO,ECUADOR,
HOMICIDIO,ZONA 6,AZUAY,URBANO,CASA/VILLA,2022-01-03,,TRANSTORNOS MENTALES,MUJER,SOLTERO,ECUADOR,
ASESINATO,ZONA 8,D.M. GUAYAQUIL,URBANO,TERRENO BALDIO,2022-01-02,,RIÑAS,HOMBRE,NO DETERMINADO,ECUADOR,
ASESINATO,ZONA 8,D.M. GUAYAQUIL,URBANO,TERRENO BALDIO,2022-01-02,,RIÑAS,HOMBRE,NO DETERMINADO,ECUADOR,
ASESINATO,ZONA 5,LOS RIOS,URBANO,VIA PUBLICA,2022-01-03,PISTOLA             ,TRAFICO INTERNOS DE DROGAS (MICROTRAFICO),HOMBRE,SOLTERO,ECUADOR,
ASESINATO,ZONA 5,LOS RIOS,URBANO,VIA PUBLICA,2022-01-01,,RIÑAS,HOMBRE,SOLTERO,COLOMBIA,
ASESINATO,ZONA 5,GUAYAS,RURAL,VIA PUBLICA,2022-01-03,PISTOLA             ,TRAFICO INTERNOS DE DROGAS (MICROTRAFICO),HOMBRE,SOLTERO,ECUADOR,
ASESINATO,ZONA 5,LOS RIOS,URBANO,PATIOS DE COMIDAS,2022-01-03,PISTOLA             ,TRAFICO INTERNOS DE DROGAS (MICROTRAFICO),HOMBRE,DIVORCIADO,ECUADOR,
HOMICIDIO,ZONA 5,GUAYAS,URBANO,CASA/VILLA,2022-01-03,,RIÑAS,HOMBRE,SOLTERO,ECUADOR,
HOMICIDIO,ZONA 5,LOS RIOS,RURAL,FINCA,2022-01-02,,ROBO DE MOTOS,HOMBRE,SOLTERO,ECUADOR,
ASESINATO,ZONA 8,D.M. GUAYAQUIL,URBANO,CASA/VILLA,2022-01-04,,EMOCIONAL,HOMBRE,SOLTERO,ECUADOR,
ASESINATO,ZONA 5,GUAYAS,URBANO,CASA/VILLA,2022-01-04,PISTOLA             ,TRAFICO INTERNOS DE DROGAS (MICROTRAFICO),HOMBRE,SOLTERO,ECUADOR,
HOMICIDIO,ZONA 3,TUNGURAHUA,URBANO,VIA PUBLICA,2022-01-01,,RIÑAS,HOMBRE,SOLTERO,ECUADOR,BASICA
ASESINATO,ZONA 1,ESMERALDAS,RURAL,VIA PUBLICA,2022-01-04,,ACTOS DE ODIO,HOMBRE,DIVORCIADO,ECUADOR,
ASESINATO,ZONA 6,CAÑAR,URBANO,VIA PUBLICA,2022-01-05,,TRAFICO INTERNOS DE DROGAS (MICROTRAFICO),HOMBRE,SOLTERO,ECUADOR,
ASESINATO,ZONA 6,AZUAY,URBANO,CASA/VILLA,2022-01-03,,ROBO A PERSONAS,HOMBRE,CASADO,ECUADOR,
ASESINATO,ZONA 8,D.M. GUAYAQUIL,URBANO,VIA PUBLICA,2022-01-05,,AMENAZA,HOMBRE,SOLTERO,ECUADOR,
ASESINATO,ZONA 8,D.M. GUAYAQUIL,URBANO,VIA PUBLICA,2022-01-05,,TRAFICO INTERNACIONAL DE DROGA,HOMBRE,CASADO,ECUADOR,
ASESINATO,ZONA 4,SANTO DOMINGO DE LOS TSACHILAS,URBANO,VIA PUBLICA,2022-01-05,,TRAFICO INTERNOS DE DROGAS (MICROTRAFICO),HOMBRE,SOLTERO,ECUADOR,
ASESINATO,ZONA 4,SANTO DOMINGO DE LOS TSACHILAS,URBANO,INTERIOR DE VEHICULO PARTICULAR,2022-01-06,,TRAFICO INTERNOS DE DROGAS (MICROTRAFICO),HOMBRE,SOLTERO,ECUADOR,
ASESINATO,ZONA 4,SANTO DOMINGO DE LOS TSACHILAS,URBANO,INTERIOR DE VEHICULO PARTICULAR,2022-01-06,,TRAFICO INTERNOS DE DROGAS (MICROTRAFICO),HOMBRE,CASADO,ECUADOR,
ASESINATO,ZONA 5,LOS RIOS,URBANO,VIA PUBLICA,2022-01-05,,ACTOS DE ODIO,HOMBRE,SOLTERO,ECUADOR,
ASESINATO,ZONA 4,MANABI,URBANO,VIA PUBLICA,2022-01-05,,TRAFICO INTERNOS DE DROGAS (MICROTRAFICO),HOMBRE,SOLTERO,ECUADOR,
ASESINATO,ZONA 5,GUAYAS,URBANO,VIA PUBLICA,2022-01-05,,TRAFICO INTERNOS DE DROGAS (MICROTRAFICO),HOMBRE,SOLTERO,ECUADOR,
ASESINATO,ZONA 4,MANABI,URBANO,VIA PUBLICA,2022-01-06,,RIÑAS,HOMBRE,SOLTERO,ECUADOR,
ASESINATO,ZONA 5,GUAYAS,URBANO,VIA PUBLICA,2022-01-06,PISTOLA             ,TRAFICO INTERNOS DE DROGAS (MICROTRAFICO),HOMBRE,SOLTERO,ECUADOR,
SICARIATO,ZONA 7,EL ORO,URBANO,VIA PUBLICA,2022-01-06,PISTOLA             ,EMOCIONAL,HOMBRE,SOLTERO,ECUADOR,
ASESINATO,ZONA 5,LOS RIOS,URBANO,CASA/VILLA,2022-01-06,,TRAFICO INTERNOS DE DROGAS (MICROTRAFICO),MUJER,EN UNION DE HECHO,ECUADOR,
ASESINATO,ZONA 5,LOS RIOS,URBANO,CASA/VILLA,2022-01-06,,TRAFICO INTERNOS DE DROGAS (MICROTRAFICO),HOMBRE,EN UNION DE HECHO,ECUADOR,
SICARIATO,ZONA 7,EL ORO,URBANO,VIA PUBLICA,2022-01-06,,TRAFICO INTERNOS DE DROGAS (MICROTRAFICO),HOMBRE,SOLTERO,ECUADOR,
ASESINATO,ZONA 8,D.M. GUAYAQUIL,URBANO,CASA/VILLA,2022-01-06,,TRAFICO INTERNOS DE DROGAS (MICROTRAFICO),HOMBRE,SOLTERO,ECUADOR,BASICA
ASESINATO,ZONA 5,LOS RIOS,URBANO,VIA PUBLICA,2022-01-07,,ACTOS DE ODIO,HOMBRE,SOLTERO,ECUADOR,
ASESINATO,ZONA 1,SUCUMBIOS,RURAL,CASA/VILLA,2022-01-06,,AMENAZA,HOMBRE,SOLTERO,ECUADOR,
ASESINATO,ZONA 1,SUCUMBIOS,RURAL,CASA/VILLA,2022-01-06,,ROBO A PERSONAS,HOMBRE,NO DETERMINADO,NO DETERMINADO,
ASESINATO,ZONA 1,SUCUMBIOS,RURAL,CASA/VILLA,2022-01-06,,ROBO A PERSONAS,MUJER,SOLTERO,ECUADOR,
ASESINATO,ZONA 8,D.M. GUAYAQUIL,URBANO,VIA PUBLICA,2022-01-06,,TRAFICO INTERNOS DE DROGAS (MICROTRAFICO),HOMBRE,SOLTERO,ECUADOR,
ASESINATO,ZONA 8,D.M. GUAYAQUIL,URBANO,VIA PUBLICA,2022-01-06,,TRAFICO INTERNOS DE DROGAS (MICROTRAFICO),HOMBRE,SOLTERO,ECUADOR,BASICA
ASESINATO,ZONA 8,D.M. GUAYAQUIL,URBANO,VIA PUBLICA,2022-01-07,,TRAFICO INTERNOS DE DROGAS (MICROTRAFICO),HOMBRE,SOLTERO,ECUADOR,
ASESINATO,ZONA 8,D.M. GUAYAQUIL,URBANO,CASA/VILLA,2022-01-06,,TRAFICO INTERNOS DE DROGAS (MICROTRAFICO),HOMBRE,SOLTERO,ECUADOR,BACHILLERATO
HOMICIDIO,ZONA 6,CAÑAR,URBANO,HOSPITALES,2022-01-01,,RIÑAS,HOMBRE,NO DETERMINADO,VENEZUELA,
ASESINATO,ZONA 8,D.M. GUAYAQUIL,URBANO,CASA/VILLA,2022-01-07,,TRAFICO INTERNOS DE DROGAS (MICROTRAFICO),HOMBRE,SOLTERO,ECUADOR,
ASESINATO,ZONA 5,GUAYAS,RURAL,VIA PUBLICA,2022-01-06,PISTOLA             ,TRAFICO INTERNOS DE DROGAS (MICROTRAFICO),HOMBRE,SOLTERO,ECUADOR,
ASESINATO,ZONA 4,MANABI,URBANO,VIA PUBLICA,2022-01-07,,TRAFICO INTERNACIONAL DE DROGA,HOMBRE,SOLTERO,ECUADOR,
ASESINATO,ZONA 4,MANABI,URBANO,VIA PUBLICA,2022-01-07,,TRAFICO INTERNACIONAL DE DROGA,HOMBRE,NO DETERMINADO,NO DETERMINADO,
ASESINATO,ZONA 8,D.M. GUAYAQUIL,URBANO,VIA PUBLICA,2022-01-07,,TRAFICO INTERNOS DE DROGAS (MICROTRAFICO),HOMBRE,SOLTERO,ECUADOR,
ASESINATO,ZONA 8,D.M. GUAYAQUIL,URBANO,VIA PUBLICA,2022-01-07,,TRAFICO INTERNOS DE DROGAS (MICROTRAFICO),HOMBRE,SOLTERO,ECUADOR,
ASESINATO,ZONA 8,D.M. GUAYAQUIL,URBANO,VIA PUBLICA,2022-01-07,,TRAFICO INTERNOS DE DROGAS (MICROTRAFICO),HOMBRE,SOLTERO,ECUADOR,BASICA
ASESINATO,ZONA 8,D.M. GUAYAQUIL,URBANO,VIA PUBLICA,2022-01-07,,TRAFICO INTERNOS DE DROGAS (MICROTRAFICO),HOMBRE,SOLTERO,ECUADOR,
ASESINATO,ZONA 8,D.M. GUAYAQUIL,URBANO,VIA PUBLICA,2022-01-08,,TRAFICO INTERNOS DE DROGAS (MICROTRAFICO),HOMBRE,SOLTERO,ECUADOR,
ASESINATO,ZONA 7,EL ORO,URBANO,CASA/VILLA,2022-01-07,,EMOCIONAL,HOMBRE,SOLTERO,VENEZUELA,
ASESINATO,ZONA 8,D.M. GUAYAQUIL,URBANO,CASA/VILLA,2022-01-03,,TRAFICO INTERNOS DE DROGAS (MICROTRAFICO),HOMBRE,CASADO,ECUADOR,
ASESINATO,ZONA 5,LOS RIOS,URBANO,VIA PUBLICA,2022-01-08,,TRAFICO INTERNOS DE DROGAS (MICROTRAFICO),HOMBRE,SOLTERO,ECUADOR,
HOMICIDIO,ZONA 7,EL ORO,URBANO,VIA PUBLICA,2022-01-09,,ROBO A PERSONAS,HOMBRE,NO DETERMINADO,ECUADOR,
ASESINATO,ZONA 7,EL ORO,URBANO,GASOLINERAS,2022-01-08,PISTOLA             ,TRAFICO INTERNOS DE DROGAS (MICROTRAFICO),HOMBRE,SOLTERO,ECUADOR,
ASESINATO,ZONA 8,D.M. GUAYAQUIL,URBANO,VIA PUBLICA,2022-01-09,,TRAFICO INTERNOS DE DROGAS (MICROTRAFICO),HOMBRE,SOLTERO,ECUADOR,
ASESINATO,ZONA 8,D.M. GUAYAQUIL,URBANO,VIA PUBLICA,2022-01-08,,EMOCIONAL,MUJER,SOLTERO,ECUADOR,
FEMICIDIO,ZONA 3,TUNGURAHUA,RURAL,VIA PUBLICA,2022-01-08,OTRO,TRANSTORNOS MENTALES,MUJER,SOLTERO,ECUADOR,
ASESINATO,ZONA 5,LOS RIOS,RURAL,OTROS CENTROS DE DIVERSIÓN,2022-01-09,,RIÑAS,HOMBRE,SOLTERO,ECUADOR,
ASESINATO,ZONA 5,SANTA ELENA,URBANO,VIA PUBLICA,2022-01-09,,AMENAZA,HOMBRE,SOLTERO,ECUADOR,
ASESINATO,ZONA 5,GUAYAS,URBANO,VIA PUBLICA,2022-01-09,REVOLVER            ,TRAFICO INTERNOS DE DROGAS (MICROTRAFICO),HOMBRE,SOLTERO,ECUADOR,
ASESINATO,ZONA 5,GUAYAS,URBANO,VIA PUBLICA,2022-01-09,PISTOLA             ,TRAFICO INTERNOS DE DROGAS (MICROTRAFICO),HOMBRE,SOLTERO,ECUADOR,
ASESINATO,ZONA 4,MANABI,URBANO,VIA PUBLICA,2022-01-09,,RIÑAS,HOMBRE,SOLTERO,ECUADOR,
ASESINATO,ZONA 8,D.M. GUAYAQUIL,URBANO,CASA/VILLA,2022-01-09,,RIÑAS,HOMBRE,SOLTERO,ECUADOR,NINGUNA
ASESINATO,ZONA 5,LOS RIOS,RURAL,VIA PUBLICA,2022-01-09,FUSIL               ,TRAFICO INTERNOS DE DROGAS (MICROTRAFICO),HOMBRE,SOLTERO,ECUADOR,
ASESINATO,ZONA 5,LOS RIOS,RURAL,VIA PUBLICA,2022-01-09,FUSIL               ,TRAFICO INTERNOS DE DROGAS (MICROTRAFICO),HOMBRE,NO DETERMINADO,ECUADOR,
ASESINATO,ZONA 5,GUAYAS,RURAL,OTROS LOCALES COMERCIALES,2022-01-09,,ROBO A PERSONAS,HOMBRE,CASADO,ECUADOR,
ASESINATO,ZONA 8,D.M. GUAYAQUIL,URBANO,SALAS DE BELLEZA,2022-01-09,,TRAFICO INTERNOS DE DROGAS (MICROTRAFICO),HOMBRE,SOLTERO,ECUADOR,
ASESINATO,ZONA 8,D.M. GUAYAQUIL,URBANO,BARES,2022-01-09,,TRAFICO INTERNOS DE DROGAS (MICROTRAFICO),MUJER,SOLTERO,ECUADOR,
ASESINATO,ZONA 8,D.M. GUAYAQUIL,URBANO,VIA PUBLICA,2022-01-09,,TRAFICO INTERNOS DE DROGAS (MICROTRAFICO),HOMBRE,SOLTERO,ECUADOR,SUPERIOR
ASESINATO,ZONA 5,SANTA ELENA,URBANO,VIA PUBLICA,2022-01-10,,AMENAZA,HOMBRE,SOLTERO,ECUADOR,
ASESINATO,ZONA 5,GUAYAS,RURAL,VIA PUBLICA,2022-01-10,,TRAFICO INTERNOS DE DROGAS (MICROTRAFICO),HOMBRE,SOLTERO,ECUADOR,
ASESINATO,ZONA 8,D.M. GUAYAQUIL,URBANO,CASA/VILLA,2022-01-10,,TRAFICO INTERNOS DE DROGAS (MICROTRAFICO),HOMBRE,CASADO,ECUADOR,
ASESINATO,ZONA 4,SANTO DOMINGO DE LOS TSACHILAS,URBANO,VIA PUBLICA,2022-01-10,,ACTOS DE ODIO,HOMBRE,EN UNION DE HECHO,ECUADOR,
ASESINATO,ZONA 8,D.M. GUAYAQUIL,URBANO,MECANICAS,2022-01-10,,TRAFICO INTERNOS DE DROGAS (MICROTRAFICO),HOMBRE,SOLTERO,ECUADOR,
ASESINATO,ZONA 7,EL ORO,URBANO,CASA/VILLA,2022-01-10,,TRAFICO INTERNOS DE DROGAS (MICROTRAFICO),HOMBRE,SOLTERO,ECUADOR,BACHILLERATO
ASESINATO,ZONA 8,D.M. GUAYAQUIL,URBANO,CASA/VILLA,2022-01-10,,TRAFICO INTERNOS DE DROGAS (MICROTRAFICO),HOMBRE,SOLTERO,ECUADOR,
ASESINATO,ZONA 5,LOS RIOS,URBANO,VIA PUBLICA,2022-01-10,PISTOLA             ,TRAFICO INTERNOS DE DROGAS (MICROTRAFICO),HOMBRE,SOLTERO,ECUADOR,SECUNDARIA
ASESINATO,ZONA 5,GUAYAS,RURAL,VIA PUBLICA,2022-01-10,REVOLVER            ,SENTIMENTAL,HOMBRE,SOLTERO,ECUADOR,PRIMARIA
ASESINATO,ZONA 5,LOS RIOS,RURAL,VIA PUBLICA,2022-01-11,REVOLVER            ,TRAFICO INTERNOS DE DROGAS (MICROTRAFICO),HOMBRE,CASADO,ECUADOR,
ASESINATO,ZONA 5,GUAYAS,RURAL,RIO,2022-01-09,,ROBO A PERSONAS,HOMBRE,SOLTERO,ECUADOR,BACHILLERATO
ASESINATO,ZONA 5,SANTA ELENA,URBANO,VIA PUBLICA,2022-01-11,,TRAFICO INTERNOS DE DROGAS (MICROTRAFICO),HOMBRE,SOLTERO,ECUADOR,
ASESINATO,ZONA 1,ESMERALDAS,URBANO,CASA/VILLA,2022-01-11,,AMENAZA,HOMBRE,SOLTERO,ECUADOR,
ASESINATO,ZONA 8,D.M. GUAYAQUIL,URBANO,VIA PUBLICA,2022-01-11,,TRAFICO INTERNOS DE DROGAS (MICROTRAFICO),HOMBRE,SOLTERO,ECUADOR,
ASESINATO,ZONA 5,LOS RIOS,URBANO,VIA PUBLICA,2022-01-11,,ACTOS DE ODIO,HOMBRE,SOLTERO,ECUADOR,
ASESINATO,ZONA 5,LOS RIOS,URBANO,VIA PUBLICA,2022-01-11,,ACTOS DE ODIO,HOMBRE,SOLTERO,ECUADOR,
ASESINATO,ZONA 8,D.M. GUAYAQUIL,URBANO,VIA PUBLICA,2022-01-11,,TRAFICO INTERNOS DE DROGAS (MICROTRAFICO),HOMBRE,SOLTERO,ECUADOR,
ASESINATO,ZONA 4,MANABI,URBANO,VIA PUBLICA,2022-01-11,,SENTIMENTAL,HOMBRE,CASADO,ECUADOR,
ASESINATO,ZONA 5,GUAYAS,RURAL,VIA PUBLICA,2022-01-11,,TRAFICO INTERNOS DE DROGAS (MICROTRAFICO),HOMBRE,SOLTERO,ECUADOR,
ASESINATO,ZONA 3,TUNGURAHUA,RURAL,TERRENO BALDIO,2022-01-07,,AMENAZA,HOMBRE,SOLTERO,ECUADOR,BASICA
ASESINATO,ZONA 1,ESMERALDAS,URBANO,CENTROS DE REHABILITACION SOCIAL,2022-01-11,,AMENAZA,HOMBRE,SOLTERO,ECUADOR,
ASESINATO,ZONA 1,ESMERALDAS,URBANO,CENTROS DE REHABILITACION SOCIAL,2022-01-11,,AMENAZA,HOMBRE,SOLTERO,ECUADOR,INICIAL
ASESINATO,ZONA 1,ESMERALDAS,URBANO,CENTROS DE REHABILITACION SOCIAL,2022-01-11,,AMENAZA,HOMBRE,SOLTERO,ECUADOR,
ASESINATO,ZONA 6,AZUAY,URBANO,VIA PUBLICA,2022-01-12,,AMENAZA,HOMBRE,SOLTERO,ECUADOR,BASICA
ASESINATO,ZONA 9,D.M. QUITO,URBANO,INTERIOR DE VEHICULO PARTICULAR,2022-01-12,,AMENAZA,HOMBRE,SOLTERO,ECUADOR,BACHILLERATO
ASESINATO,ZONA 9,D.M. QUITO,URBANO,INTERIOR DE VEHICULO PARTICULAR,2022-01-12,,AMENAZA,HOMBRE,SOLTERO,ECUADOR,
ASESINATO,ZONA 4,MANABI,URBANO,VIA PUBLICA,2022-01-12,,TRAFICO INTERNOS DE DROGAS (MICROTRAFICO),HOMBRE,SOLTERO,ECUADOR,INICIAL
SICARIATO,ZONA 5,GUAYAS,URBANO,CASA/VILLA,2022-01-12,REVOLVER            ,TRAFICO INTERNOS DE DROGAS (MICROTRAFICO),HOMBRE,SOLTERO,ECUADOR,
HOMICIDIO,ZONA 6,AZUAY,URBANO,CENTROS DE REHABILITACION SOCIAL,2022-01-12,,AMENAZA,HOMBRE,NO DETERMINADO,COLOMBIA,
ASESINATO,ZONA 1,ESMERALDAS,RURAL,HACIENDAS,2022-01-13,,AMENAZA,HOMBRE,SOLTERO,ECUADOR,
ASESINATO,ZONA 1,ESMERALDAS,URBANO,VIA PUBLICA,2022-01-13,PISTOLA             ,TRAFICO DE ARMAS,HOMBRE,SOLTERO,ECUADOR,INICIAL
ASESINATO,ZONA 4,MANABI,RURAL,CASA/VILLA,2022-01-13,,AMENAZA,HOMBRE,SOLTERO,ECUADOR,
ASESINATO,ZONA 3,COTOPAXI,URBANO,VIA PUBLICA,2022-01-13,,TRAFICO INTERNOS DE DROGAS (MICROTRAFICO),HOMBRE,SOLTERO,ECUADOR,PRIMARIA
ASESINATO,ZONA 5,LOS RIOS,URBANO,VIA PUBLICA,2022-01-09,,ROBO A PERSONAS,HOMBRE,SOLTERO,ECUADOR,
ASESINATO,ZONA 8,D.M. GUAYAQUIL,URBANO,VIA PUBLICA,2022-01-13,,AMENAZA,HOMBRE,SOLTERO,ECUADOR,BACHILLERATO
ASESINATO,ZONA 8,D.M. GUAYAQUIL,URBANO,VIA PUBLICA,2022-01-13,,AMENAZA,MUJER,SOLTERO,ECUADOR,
ASESINATO,ZONA 1,SUCUMBIOS,URBANO,CASA/VILLA,2022-01-13,PISTOLA             ,SENTIMENTAL,HOMBRE,DIVORCIADO,ECUADOR,
ASESINATO,ZONA 1,SUCUMBIOS,URBANO,VIA PUBLICA,2022-01-14,,AMENAZA,HOMBRE,SOLTERO,ECUADOR,
ASESINATO,ZONA 1,SUCUMBIOS,URBANO,VIA PUBLICA,2022-01-14,,AMENAZA,HOMBRE,SOLTERO,ECUADOR,
ASESINATO,ZONA 8,D.M. GUAYAQUIL,URBANO,CASA/VILLA,2022-01-14,,TRAFICO INTERNOS DE DROGAS (MICROTRAFICO),HOMBRE,CASADO,ECUADOR,
ASESINATO,ZONA 8,D.M. GUAYAQUIL,URBANO,CASA/VILLA,2022-01-14,,TRAFICO INTERNOS DE DROGAS (MICROTRAFICO),HOMBRE,SOLTERO,VENEZUELA,
ASESINATO,ZONA 5,GUAYAS,URBANO,VIA PUBLICA,2022-01-14,,TRAFICO INTERNOS DE DROGAS (MICROTRAFICO),HOMBRE,SOLTERO,ECUADOR,
ASESINATO,ZONA 1,ESMERALDAS,URBANO,VIA PUBLICA,2022-01-14,REVOLVER            ,ROBO A UNIDADES ECONÓMICAS,HOMBRE,SOLTERO,ECUADOR,
ASESINATO,ZONA 5,GUAYAS,URBANO,CASA/VILLA,2022-01-15,PISTOLA             ,TRAFICO INTERNOS DE DROGAS (MICROTRAFICO),HOMBRE,SOLTERO,ECUADOR,
ASESINATO,ZONA 5,GUAYAS,URBANO,VIA PUBLICA,2022-01-14,REVOLVER            ,TRAFICO INTERNOS DE DROGAS (MICROTRAFICO),HOMBRE,SOLTERO,ECUADOR,
ASESINATO,ZONA 7,EL ORO,URBANO,VIA PUBLICA,2022-01-15,PISTOLA             ,EMOCIONAL,HOMBRE,SOLTERO,ECUADOR,
ASESINATO,ZONA 8,D.M. GUAYAQUIL,URBANO,VIA PUBLICA,2022-01-14,,TRAFICO INTERNOS DE DROGAS (MICROTRAFICO),HOMBRE,NO DETERMINADO,ECUADOR,
ASESINATO,ZONA 5,LOS RIOS,URBANO,CASA/VILLA,2022-01-15,,ACTOS DE ODIO,HOMBRE,SOLTERO,ECUADOR,
ASESINATO,ZONA 8,D.M. GUAYAQUIL,URBANO,VIA PUBLICA,2022-01-15,,TRAFICO INTERNOS DE DROGAS (MICROTRAFICO),HOMBRE,SOLTERO,ECUADOR,
ASESINATO,ZONA 8,D.M. GUAYAQUIL,URBANO,CASA/VILLA,2022-01-15,,TRAFICO INTERNOS DE DROGAS (MICROTRAFICO),HOMBRE,SOLTERO,ECUADOR,BASICA
ASESINATO,ZONA 8,D.M. GUAYAQUIL,URBANO,VIA PUBLICA,2022-01-16,,ROBO DE CARROS,HOMBRE,SOLTERO,ECUADOR,
ASESINATO,ZONA 8,D.M. GUAYAQUIL,URBANO,VIA PUBLICA,2022-01-16,,AMENAZA,HOMBRE,EN UNION DE HECHO,ECUADOR,BACHILLERATO
ASESINATO,ZONA 5,GUAYAS,URBANO,VIA PUBLICA,2022-01-15,PISTOLA             ,TRAFICO INTERNOS DE DROGAS (MICROTRAFICO),HOMBRE,EN UNION DE HECHO,ECUADOR,BACHILLERATO
HOMICIDIO,ZONA 9,D.M. QUITO,URBANO,CASA/VILLA,2022-01-01,,RIÑAS,HOMBRE,NO DETERMINADO,VENEZUELA,
ASESINATO,ZONA 5,LOS RIOS,URBANO,VIA PUBLICA,2022-01-16,,ACTOS DE ODIO,HOMBRE,SOLTERO,ECUADOR,
ASESINATO,ZONA 5,LOS RIOS,URBANO,VIA PUBLICA,2022-01-16,,ACTOS DE ODIO,HOMBRE,SOLTERO,ECUADOR,
ASESINATO,ZONA 8,D.M. GUAYAQUIL,URBANO,VIA PUBLICA,2022-01-16,,TRAFICO INTERNOS DE DROGAS (MICROTRAFICO),HOMBRE,SOLTERO,ECUADOR,
ASESINATO,ZONA 1,ESMERALDAS,URBANO,CASA/VILLA,2022-01-17,,AMENAZA,HOMBRE,SOLTERO,ECUADOR,
ASESINATO,ZONA 4,MANABI,URBANO,VIA PUBLICA,2022-01-16,,TRAFICO INTERNACIONAL DE DROGA,HOMBRE,SOLTERO,ECUADOR,
ASESINATO,ZONA 1,SUCUMBIOS,URBANO,VIA PUBLICA,2022-01-16,,AMENAZA,HOMBRE,SOLTERO,ECUADOR,BASICA
ASESINATO,ZONA 1,SUCUMBIOS,URBANO,VIA PUBLICA,2022-01-16,,AMENAZA,HOMBRE,SOLTERO,ECUADOR,
ASESINATO,ZONA 1,SUCUMBIOS,URBANO,VIA PUBLICA,2022-01-16,,AMENAZA,HOMBRE,SOLTERO,ECUADOR,BACHILLERATO
ASESINATO,ZONA 1,SUCUMBIOS,URBANO,VIA PUBLICA,2022-01-16,,AMENAZA,HOMBRE,SOLTERO,ECUADOR,BASICA
ASESINATO,ZONA 1,SUCUMBIOS,RURAL,COVACHA/CHOZA,2022-01-16,,AMENAZA,HOMBRE,SOLTERO,ECUADOR,
ASESINATO,ZONA 1,SUCUMBIOS,RURAL,COVACHA/CHOZA,2022-01-16,,AMENAZA,HOMBRE,SOLTERO,ECUADOR,
ASESINATO,ZONA 1,SUCUMBIOS,RURAL,CASA/VILLA,2022-01-16,,AMENAZA,HOMBRE,SOLTERO,ECUADOR,
ASESINATO,ZONA 1,SUCUMBIOS,RURAL,CASA/VILLA,2022-01-16,,AMENAZA,HOMBRE,CASADO,ECUADOR,
ASESINATO,ZONA 5,LOS RIOS,URBANO,VIA PUBLICA,2022-01-17,,ACTOS DE ODIO,HOMBRE,SOLTERO,ECUADOR,
ASESINATO,ZONA 4,MANABI,URBANO,VIA PUBLICA,2022-01-17,,TRAFICO INTERNOS DE DROGAS (MICROTRAFICO),HOMBRE,SOLTERO,ECUADOR,SECUNDARIA
ASESINATO,ZONA 5,GUAYAS,URBANO,CENTROS COMERCIALES,2022-01-17,PISTOLA             ,TRAFICO INTERNOS DE DROGAS (MICROTRAFICO),HOMBRE,SOLTERO,ECUADOR,
ASESINATO,ZONA 8,D.M. GUAYAQUIL,URBANO,VIA PUBLICA,2022-01-17,,TRAFICO INTERNOS DE DROGAS (MICROTRAFICO),HOMBRE,SOLTERO,ECUADOR,BASICA
ASESINATO,ZONA 8,D.M. GUAYAQUIL,URBANO,VIA PUBLICA,2022-01-17,,TRAFICO INTERNOS DE DROGAS (MICROTRAFICO),HOMBRE,SOLTERO,ECUADOR,
ASESINATO,ZONA 8,D.M. GUAYAQUIL,URBANO,TRANSPORTE PUBLICO,2022-01-17,,ROBO A PERSONAS,HOMBRE,SOLTERO,ECUADOR,
ASESINATO,ZONA 8,D.M. GUAYAQUIL,URBANO,VIA PUBLICA,2022-01-18,PISTOLA             ,TRAFICO INTERNOS DE DROGAS (MICROTRAFICO),MUJER,NO DETERMINADO,ECUADOR,
ASESINATO,ZONA 6,CAÑAR,URBANO,VIA PUBLICA,2022-01-18,,TRAFICO INTERNOS DE DROGAS (MICROTRAFICO),HOMBRE,SOLTERO,ECUADOR,NINGUNA
ASESINATO,ZONA 6,CAÑAR,RURAL,VIA PUBLICA,2022-01-18,,TRAFICO INTERNOS DE DROGAS (MICROTRAFICO),HOMBRE,SOLTERO,ECUADOR,
ASESINATO,ZONA 8,D.M. GUAYAQUIL,URBANO,HOSPITALES,2022-01-18,,ROBO A PERSONAS,HOMBRE,CASADO,ECUADOR,
ASESINATO,ZONA 5,LOS RIOS,URBANO,GASOLINERAS,2022-01-19,REVOLVER            ,TRAFICO INTERNOS DE DROGAS (MICROTRAFICO),HOMBRE,SOLTERO,ECUADOR,
ASESINATO,ZONA 1,SUCUMBIOS,URBANO,VIA PUBLICA,2022-01-19,,DEUDAS,HOMBRE,SOLTERO,ECUADOR,
HOMICIDIO,ZONA 9,D.M. QUITO,URBANO,CASA/VILLA,2022-01-20,,TRAFICO INTERNOS DE DROGAS (MICROTRAFICO),HOMBRE,NO DETERMINADO,ECUADOR,
HOMICIDIO,ZONA 1,SUCUMBIOS,RURAL,CASA/VILLA,2022-01-19,CARTUCHERA          ,EMOCIONAL,HOMBRE,SOLTERO,ECUADOR,
ASESINATO,ZONA 8,D.M. GUAYAQUIL,URBANO,VIA PUBLICA,2022-01-19,,TRAFICO INTERNOS DE DROGAS (MICROTRAFICO),HOMBRE,SOLTERO,ECUADOR,
ASESINATO,ZONA 8,D.M. GUAYAQUIL,URBANO,BARES,2022-01-19,,ROBO A PERSONAS,HOMBRE,NO DETERMINADO,HOLANDA,
ASESINATO,ZONA 1,ESMERALDAS,URBANO,VIA PUBLICA,2022-01-19,,AMENAZA,HOMBRE,SOLTERO,ECUADOR,
ASESINATO,ZONA 8,D.M. GUAYAQUIL,URBANO,VIA PUBLICA,2022-01-19,,TRAFICO INTERNOS DE DROGAS (MICROTRAFICO),HOMBRE,SOLTERO,ECUADOR,BASICA
ASESINATO,ZONA 8,D.M. GUAYAQUIL,URBANO,VIA PUBLICA,2022-01-19,,TRAFICO INTERNOS DE DROGAS (MICROTRAFICO),HOMBRE,SOLTERO,ECUADOR,BASICA
ASESINATO,ZONA 1,ESMERALDAS,URBANO,VIA PUBLICA,2022-01-19,,TRAFICO INTERNOS DE DROGAS (MICROTRAFICO),MUJER,SOLTERO,ECUADOR,BACHILLERATO
ASESINATO,ZONA 5,LOS RIOS,URBANO,CASA/VILLA,2022-01-20,PISTOLA             ,TRAFICO INTERNOS DE DROGAS (MICROTRAFICO),HOMBRE,EN UNION DE HECHO,ECUADOR,NINGUNA
ASESINATO,ZONA 5,GUAYAS,URBANO,VIA PUBLICA,2022-01-20,REVOLVER            ,TRAFICO INTERNOS DE DROGAS (MICROTRAFICO),HOMBRE,SOLTERO,ECUADOR,
HOMICIDIO,ZONA 9,D.M. QUITO,RURAL,BOSQUE Y RESERVAS ECOLOGICAS,2022-01-20,,VIOLACION SEXUAL (DESCONOCIDO),MUJER,CASADO,ECUADOR,
ASESINATO,ZONA 9,D.M. QUITO,URBANO,OTROS LOCALES COMERCIALES,2022-01-20,,AMENAZA,HOMBRE,CASADO,ECUADOR,BACHILLERATO
ASESINATO,ZONA 8,D.M. GUAYAQUIL,URBANO,VIA PUBLICA,2022-01-20,,TRAFICO INTERNOS DE DROGAS (MICROTRAFICO),HOMBRE,SOLTERO,ECUADOR,
ASESINATO,ZONA 8,D.M. GUAYAQUIL,URBANO,VIA PUBLICA,2022-01-20,,TRAFICO INTERNOS DE DROGAS (MICROTRAFICO),HOMBRE,SOLTERO,ECUADOR,
ASESINATO,ZONA 8,D.M. GUAYAQUIL,URBANO,VIA PUBLICA,2022-01-20,,TRAFICO INTERNOS DE DROGAS (MICROTRAFICO),HOMBRE,SOLTERO,ECUADOR,BASICA
ASESINATO,ZONA 8,D.M. GUAYAQUIL,URBANO,VIA PUBLICA,2022-01-20,,TRAFICO INTERNOS DE DROGAS (MICROTRAFICO),HOMBRE,SOLTERO,ECUADOR,
ASESINATO,ZONA 8,D.M. GUAYAQUIL,URBANO,VIA PUBLICA,2022-01-20,,TRAFICO INTERNOS DE DROGAS (MICROTRAFICO),HOMBRE,SOLTERO,ECUADOR,BASICA
ASESINATO,ZONA 8,D.M. GUAYAQUIL,URBANO,VIA PUBLICA,2022-01-20,,ROBO A PERSONAS,HOMBRE,NO DETERMINADO,VENEZUELA,
ASESINATO,ZONA 1,ESMERALDAS,URBANO,VIA PUBLICA,2022-01-20,,AMENAZA,HOMBRE,SOLTERO,ECUADOR,PRIMARIA
ASESINATO,ZONA 8,D.M. GUAYAQUIL,URBANO,VIA PUBLICA,2022-01-20,,TRAFICO INTERNOS DE DROGAS (MICROTRAFICO),HOMBRE,SOLTERO,ECUADOR,
ASESINATO,ZONA 4,MANABI,RURAL,CASA/VILLA,2022-01-20,,AMENAZA,HOMBRE,SOLTERO,ECUADOR,BASICA
ASESINATO,ZONA 4,MANABI,RURAL,FINCA,2022-01-20,,ACTOS DE ODIO,HOMBRE,SOLTERO,ECUADOR,
ASESINATO,ZONA 6,AZUAY,URBANO,VIA PUBLICA,2022-01-20,,AMENAZA,HOMBRE,SOLTERO,ECUADOR,
ASESINATO,ZONA 5,LOS RIOS,RURAL,VIA PUBLICA,2022-01-21,PISTOLA             ,TRAFICO INTERNOS DE DROGAS (MICROTRAFICO),HOMBRE,SOLTERO,ECUADOR,
ASESINATO,ZONA 1,SUCUMBIOS,RURAL,RIO,2022-01-20,PISTOLA             ,ROBO A PERSONAS,HOMBRE,EN UNION DE HECHO,ECUADOR,
ASESINATO,ZONA 8,D.M. GUAYAQUIL,URBANO,VIA PUBLICA,2022-01-21,,AMENAZA,HOMBRE,SOLTERO,ECUADOR,
ASESINATO,ZONA 8,D.M. GUAYAQUIL,URBANO,PARQUES Y PLAZAS,2022-01-19,,TRAFICO INTERNOS DE DROGAS (MICROTRAFICO),HOMBRE,SOLTERO,ECUADOR,
ASESINATO,ZONA 8,D.M. GUAYAQUIL,URBANO,VIA PUBLICA,2022-01-21,,TRAFICO INTERNOS DE DROGAS (MICROTRAFICO),HOMBRE,NO DETERMINADO,NO DETERMINADO,
ASESINATO,ZONA 8,D.M. GUAYAQUIL,URBANO,CASA/VILLA,2022-01-21,,TRAFICO INTERNOS DE DROGAS (MICROTRAFICO),HOMBRE,SOLTERO,ECUADOR,BASICA
ASESINATO,ZONA 5,GUAYAS,URBANO,CASA/VILLA,2022-01-21,REVOLVER            ,TRAFICO INTERNOS DE DROGAS (MICROTRAFICO),HOMBRE,SOLTERO,ECUADOR,PRIMARIA
ASESINATO,ZONA 8,D.M. GUAYAQUIL,URBANO,VIA PUBLICA,2022-01-21,,TRAFICO INTERNOS DE DROGAS (MICROTRAFICO),HOMBRE,SOLTERO,ECUADOR,
ASESINATO,ZONA 8,D.M. GUAYAQUIL,URBANO,VIA PUBLICA,2022-01-21,,TRAFICO INTERNOS DE DROGAS (MICROTRAFICO),HOMBRE,SOLTERO,ECUADOR,
ASESINATO,ZONA 8,D.M. GUAYAQUIL,URBANO,PARQUES Y PLAZAS,2022-01-21,,TRAFICO INTERNOS DE DROGAS (MICROTRAFICO),HOMBRE,SOLTERO,ECUADOR,
ASESINATO,ZONA 8,D.M. GUAYAQUIL,URBANO,PARQUES Y PLAZAS,2022-01-21,,TRAFICO INTERNOS DE DROGAS (MICROTRAFICO),HOMBRE,CASADO,ECUADOR,
ASESINATO,ZONA 8,D.M. GUAYAQUIL,URBANO,PARQUES Y PLAZAS,2022-01-21,,TRAFICO INTERNOS DE DROGAS (MICROTRAFICO),HOMBRE,SOLTERO,ECUADOR,
ASESINATO,ZONA 8,D.M. GUAYAQUIL,URBANO,PARQUES Y PLAZAS,2022-01-21,,TRAFICO INTERNOS DE DROGAS (MICROTRAFICO),HOMBRE,DIVORCIADO,ECUADOR,
ASESINATO,ZONA 8,D.M. GUAYAQUIL,URBANO,PARQUES Y PLAZAS,2022-01-21,,TRAFICO INTERNOS DE DROGAS (MICROTRAFICO),HOMBRE,SOLTERO,ECUADOR,
ASESINATO,ZONA 1,ESMERALDAS,URBANO,VIA PUBLICA,2022-01-19,,TRAFICO INTERNOS DE DROGAS (MICROTRAFICO),MUJER,SOLTERO,ECUADOR,NINGUNA
ASESINATO,ZONA 4,MANABI,URBANO,VIA PUBLICA,2022-01-22,,AMENAZA,HOMBRE,SOLTERO,ECUADOR,BASICA
ASESINATO,ZONA 4,MANABI,URBANO,VIA PUBLICA,2022-01-22,,AMENAZA,HOMBRE,SOLTERO,ECUADOR,BACHILLERATO
ASESINATO,ZONA 4,MANABI,URBANO,VIA PUBLICA,2022-01-21,,AMENAZA,HOMBRE,SOLTERO,ECUADOR,
ASESINATO,ZONA 7,EL ORO,URBANO,VIA PUBLICA,2022-01-22,,TRAFICO INTERNOS DE DROGAS (MICROTRAFICO),HOMBRE,SOLTERO,ECUADOR,
ASESINATO,ZONA 1,ESMERALDAS,URBANO,RIO,2022-01-22,,RIÑAS,HOMBRE,SOLTERO,ECUADOR,PRIMARIA
ASESINATO,ZONA 5,SANTA ELENA,URBANO,VIA PUBLICA,2022-01-22,,ROBO A PERSONAS,HOMBRE,CASADO,ECUADOR,
ASESINATO,ZONA 8,D.M. GUAYAQUIL,URBANO,RESTAURANTE,2022-01-22,,TRAFICO INTERNOS DE DROGAS (MICROTRAFICO),HOMBRE,SOLTERO,ALBANIA,
ASESINATO,ZONA 8,D.M. GUAYAQUIL,URBANO,HOSPITALES,2022-01-19,,TRAFICO INTERNOS DE DROGAS (MICROTRAFICO),HOMBRE,SOLTERO,ECUADOR,
ASESINATO,ZONA 8,D.M. GUAYAQUIL,URBANO,HOSPITALES,2022-01-21,,TRAFICO INTERNOS DE DROGAS (MICROTRAFICO),HOMBRE,SOLTERO,ECUADOR,
ASESINATO,ZONA 8,D.M. GUAYAQUIL,URBANO,HOSPITALES,2022-01-22,,TRAFICO INTERNOS DE DROGAS (MICROTRAFICO),HOMBRE,SOLTERO,ECUADOR,
ASESINATO,ZONA 8,D.M. GUAYAQUIL,URBANO,VIA PUBLICA,2022-01-23,,AMENAZA,HOMBRE,SOLTERO,ECUADOR,BACHILLERATO
ASESINATO,ZONA 1,ESMERALDAS,URBANO,GASOLINERAS,2022-01-22,,AMENAZA,HOMBRE,SOLTERO,ECUADOR,
ASESINATO,ZONA 5,LOS RIOS,URBANO,CASA/VILLA,2022-01-23,FUSIL               ,TRAFICO INTERNOS DE DROGAS (MICROTRAFICO),HOMBRE,DIVORCIADO,ECUADOR,
ASESINATO,ZONA 5,LOS RIOS,URBANO,CASA/VILLA,2022-01-23,FUSIL               ,TRAFICO INTERNOS DE DROGAS (MICROTRAFICO),MUJER,SOLTERO,ECUADOR,
ASESINATO,ZONA 5,GUAYAS,URBANO,CASA/VILLA,2022-01-22,PISTOLA             ,TRAFICO INTERNOS DE DROGAS (MICROTRAFICO),HOMBRE,SOLTERO,ECUADOR,
ASESINATO,ZONA 5,GUAYAS,RURAL,VIA PUBLICA,2022-01-22,PISTOLA             ,TRAFICO INTERNOS DE DROGAS (MICROTRAFICO),HOMBRE,SOLTERO,ECUADOR,
ASESINATO,ZONA 5,GUAYAS,URBANO,CASA/VILLA,2022-01-22,PISTOLA             ,TRAFICO INTERNOS DE DROGAS (MICROTRAFICO),HOMBRE,SOLTERO,ECUADOR,BACHILLERATO
ASESINATO,ZONA 7,ZAMORA CHINCHIPE,RURAL,FINCA,2022-01-19,,RIÑAS,HOMBRE,SOLTERO,ECUADOR,
ASESINATO,ZONA 5,GUAYAS,URBANO,VIA PUBLICA,2022-01-23,,EMOCIONAL,HOMBRE,SOLTERO,ECUADOR,
ASESINATO,ZONA 7,EL ORO,URBANO,VIA PUBLICA,2022-01-23,,TRAFICO INTERNOS DE DROGAS (MICROTRAFICO),HOMBRE,SOLTERO,ECUADOR,
ASESINATO,ZONA 8,D.M. GUAYAQUIL,URBANO,VIA PUBLICA,2022-01-23,,TRAFICO INTERNOS DE DROGAS (MICROTRAFICO),HOMBRE,CASADO,ECUADOR,
ASESINATO,ZONA 8,D.M. GUAYAQUIL,RURAL,VIA PUBLICA,2022-01-23,,TRAFICO INTERNOS DE DROGAS (MICROTRAFICO),HOMBRE,SOLTERO,ECUADOR,
ASESINATO,ZONA 8,D.M. GUAYAQUIL,URBANO,VIA PUBLICA,2022-01-23,,RIÑAS,HOMBRE,SOLTERO,VENEZUELA,
ASESINATO,ZONA 5,LOS RIOS,URBANO,VIA PUBLICA,2022-01-16,,RIÑAS,HOMBRE,SOLTERO,ECUADOR,
ASESINATO,ZONA 5,LOS RIOS,URBANO,VIA PUBLICA,2022-01-23,,AMENAZA,MUJER,CASADO,ECUADOR,
ASESINATO,ZONA 5,LOS RIOS,URBANO,VIA PUBLICA,2022-01-23,,AMENAZA,MUJER,SOLTERO,ECUADOR,
HOMICIDIO,ZONA 8,D.M. GUAYAQUIL,URBANO,CASA/VILLA,2022-01-23,,RIÑAS,HOMBRE,CASADO,ECUADOR,BASICA
FEMICIDIO,ZONA 1,IMBABURA,URBANO,CASA/VILLA,2022-01-22,,SENTIMENTAL,MUJER,SOLTERO,ECUADOR,
ASESINATO,ZONA 1,SUCUMBIOS,URBANO,VIA PUBLICA,2022-01-23,FUSIL               ,TRAFICO INTERNOS DE DROGAS (MICROTRAFICO),HOMBRE,SOLTERO,ECUADOR,
ASESINATO,ZONA 1,SUCUMBIOS,URBANO,VIA PUBLICA,2022-01-23,FUSIL               ,TRAFICO INTERNOS DE DROGAS (MICROTRAFICO),HOMBRE,SOLTERO,ECUADOR,
ASESINATO,ZONA 1,SUCUMBIOS,URBANO,VIA PUBLICA,2022-01-23,FUSIL               ,TRAFICO INTERNOS DE DROGAS (MICROTRAFICO),HOMBRE,SOLTERO,ECUADOR,
ASESINATO,ZONA 1,SUCUMBIOS,URBANO,VIA PUBLICA,2022-01-23,FUSIL               ,TRAFICO INTERNOS DE DROGAS (MICROTRAFICO),HOMBRE,SOLTERO,ECUADOR,
ASESINATO,ZONA 1,SUCUMBIOS,URBANO,VIA PUBLICA,2022-01-23,FUSIL               ,TRAFICO INTERNOS DE DROGAS (MICROTRAFICO),HOMBRE,NO DETERMINADO,NO DETERMINADO,
HOMICIDIO,ZONA 9,D.M. QUITO,URBANO,VIA PUBLICA,2022-01-24,,TRAFICO INTERNOS DE DROGAS (MICROTRAFICO),HOMBRE,SOLTERO,ECUADOR,BASICA
ASESINATO,ZONA 7,EL ORO,URBANO,VIA PUBLICA,2022-01-24,PISTOLA             ,TRAFICO INTERNOS DE DROGAS (MICROTRAFICO),HOMBRE,SOLTERO,ECUADOR,
ASESINATO,ZONA 5,GUAYAS,RURAL,VIA PUBLICA,2022-01-24,,AMENAZA,HOMBRE,SOLTERO,ECUADOR,
ASESINATO,ZONA 5,LOS RIOS,URBANO,MECANICAS,2022-01-24,,RIÑAS,HOMBRE,SOLTERO,ECUADOR,
ASESINATO,ZONA 4,MANABI,URBANO,VIA PUBLICA,2022-01-24,,AMENAZA,HOMBRE,SOLTERO,ECUADOR,
ASESINATO,ZONA 5,SANTA ELENA,URBANO,INTERIOR DE VEHICULO PARTICULAR,2022-01-24,,TRAFICO INTERNOS DE DROGAS (MICROTRAFICO),HOMBRE,SOLTERO,ECUADOR,
ASESINATO,ZONA 1,ESMERALDAS,RURAL,FINCA,2022-01-24,,RIÑAS,HOMBRE,SOLTERO,ECUADOR,
ASESINATO,ZONA 1,ESMERALDAS,RURAL,FINCA,2022-01-24,,RIÑAS,HOMBRE,SOLTERO,ECUADOR,
ASESINATO,ZONA 2,ORELLANA,RURAL,FINCA,2022-01-23,,EMOCIONAL,MUJER,SOLTERO,ECUADOR,
HOMICIDIO,ZONA 9,D.M. QUITO,URBANO,CASA/VILLA,2022-01-24,,RIÑAS,HOMBRE,NO DETERMINADO,NO DETERMINADO,
ASESINATO,ZONA 8,D.M. GUAYAQUIL,URBANO,VIA PUBLICA,2022-01-25,,TRAFICO INTERNOS DE DROGAS (MICROTRAFICO),HOMBRE,SOLTERO,ECUADOR,
ASESINATO,ZONA 8,D.M. GUAYAQUIL,URBANO,VIA PUBLICA,2022-01-25,,TRAFICO INTERNOS DE DROGAS (MICROTRAFICO),HOMBRE,SOLTERO,ECUADOR,
ASESINATO,ZONA 5,GUAYAS,URBANO,VIA PUBLICA,2022-01-25,,TRAFICO INTERNOS DE DROGAS (MICROTRAFICO),HOMBRE,SOLTERO,ECUADOR,
ASESINATO,ZONA 8,D.M. GUAYAQUIL,URBANO,VIA PUBLICA,2022-01-25,,AMENAZA,HOMBRE,CASADO,ECUADOR,BASICA
ASESINATO,ZONA 8,D.M. GUAYAQUIL,URBANO,VIA PUBLICA,2022-01-26,,ROBO A PERSONAS,HOMBRE,CASADO,ECUADOR,
ASESINATO,ZONA 4,MANABI,URBANO,HOSPITALES,2022-01-25,,AMENAZA,HOMBRE,SOLTERO,ECUADOR,
ASESINATO,ZONA 8,D.M. GUAYAQUIL,RURAL,CASA/VILLA,2022-01-26,,TRAFICO INTERNOS DE DROGAS (MICROTRAFICO),HOMBRE,SOLTERO,ECUADOR,
ASESINATO,ZONA 5,GUAYAS,URBANO,CASA/VILLA,2022-01-27,,ROBO A PERSONAS,HOMBRE,SOLTERO,ECUADOR,
HOMICIDIO,ZONA 4,SANTO DOMINGO DE LOS TSACHILAS,URBANO,VIA PUBLICA,2022-01-26,,ROBO A PERSONAS,HOMBRE,SOLTERO,ECUADOR,
ASESINATO,ZONA 8,D.M. GUAYAQUIL,RURAL,VIA PUBLICA,2022-01-27,PISTOLA             ,TRAFICO INTERNOS DE DROGAS (MICROTRAFICO),HOMBRE,SOLTERO,ECUADOR,
SICARIATO,ZONA 7,EL ORO,RURAL,FINCA,2022-01-27,PISTOLA             ,TRAFICO INTERNOS DE DROGAS (MICROTRAFICO),HOMBRE,SOLTERO,ECUADOR,
HOMICIDIO,ZONA 8,D.M. GUAYAQUIL,URBANO,VIA PUBLICA,2022-01-27,CUCHILLO            ,RIÑAS,HOMBRE,NO DETERMINADO,VENEZUELA,
ASESINATO,ZONA 8,D.M. GUAYAQUIL,URBANO,TERRENO BALDIO,2022-01-27,,TRAFICO INTERNOS DE DROGAS (MICROTRAFICO),HOMBRE,SOLTERO,ECUADOR,BASICA
ASESINATO,ZONA 8,D.M. GUAYAQUIL,URBANO,VIA PUBLICA,2022-01-27,,TRAFICO INTERNOS DE DROGAS (MICROTRAFICO),HOMBRE,SOLTERO,ECUADOR,
ASESINATO,ZONA 8,D.M. GUAYAQUIL,URBANO,VIA PUBLICA,2022-01-03,,TRAFICO INTERNOS DE DROGAS (MICROTRAFICO),MUJER,SOLTERO,ECUADOR,
ASESINATO,ZONA 4,SANTO DOMINGO DE LOS TSACHILAS,URBANO,VIA PUBLICA,2022-01-27,,ACTOS DE ODIO,HOMBRE,DIVORCIADO,ECUADOR,
ASESINATO,ZONA 8,D.M. GUAYAQUIL,URBANO,VIA PUBLICA,2022-01-27,,AMENAZA,HOMBRE,SOLTERO,ECUADOR,
HOMICIDIO,ZONA 9,D.M. QUITO,URBANO,VIA PUBLICA,2022-01-28,,AMENAZA,HOMBRE,NO DETERMINADO,NO DETERMINADO,
ASESINATO,ZONA 5,GUAYAS,RURAL,FINCA,2022-01-28,,TRAFICO INTERNOS DE DROGAS (MICROTRAFICO),HOMBRE,SOLTERO,ECUADOR,
ASESINATO,ZONA 1,ESMERALDAS,URBANO,VIA PUBLICA,2022-01-28,,AMENAZA,HOMBRE,SOLTERO,ECUADOR,
HOMICIDIO,ZONA 9,D.M. QUITO,URBANO,VIA PUBLICA,2022-01-28,,RIÑAS,HOMBRE,SOLTERO,ECUADOR,
HOMICIDIO,ZONA 9,D.M. QUITO,URBANO,CASA/VILLA,2022-01-28,,AMENAZA,HOMBRE,SOLTERO,ECUADOR,PRIMARIA
HOMICIDIO,ZONA 9,D.M. QUITO,URBANO,CASA/VILLA,2022-01-28,,AMENAZA,HOMBRE,SOLTERO,ECUADOR,SECUNDARIA
HOMICIDIO,ZONA 1,CARCHI,RURAL,CASA/VILLA,2022-01-27,,ROBO A DOMICILIOS,HOMBRE,SOLTERO,ECUADOR,
ASESINATO,ZONA 8,D.M. GUAYAQUIL,URBANO,CASA/VILLA,2022-01-23,,ROBO A PERSONAS,HOMBRE,CASADO,ECUADOR,
ASESINATO,ZONA 8,D.M. GUAYAQUIL,URBANO,VIA PUBLICA,2022-01-28,,TRAFICO INTERNOS DE DROGAS (MICROTRAFICO),HOMBRE,SOLTERO,ECUADOR,
ASESINATO,ZONA 8,D.M. GUAYAQUIL,URBANO,VIA PUBLICA,2022-01-28,,TRAFICO INTERNOS DE DROGAS (MICROTRAFICO),HOMBRE,SOLTERO,ECUADOR,
HOMICIDIO,ZONA 1,SUCUMBIOS,URBANO,VIA PUBLICA,2022-01-29,CUCHILLO            ,RIÑAS,HOMBRE,SOLTERO,VENEZUELA,
ASESINATO,ZONA 5,LOS RIOS,URBANO,VIA PUBLICA,2022-01-29,,ROBO DE MOTOS,HOMBRE,SOLTERO,ECUADOR,
ASESINATO,ZONA 5,GUAYAS,URBANO,VIA PUBLICA,2022-01-28,PISTOLA             ,TRAFICO INTERNOS DE DROGAS (MICROTRAFICO),HOMBRE,SOLTERO,ECUADOR,
ASESINATO,ZONA 4,MANABI,URBANO,VIA PUBLICA,2022-01-29,,AMENAZA,HOMBRE,SOLTERO,ECUADOR,BACHILLERATO
ASESINATO,ZONA 1,ESMERALDAS,URBANO,VIA PUBLICA,2022-01-28,,AMENAZA,HOMBRE,SOLTERO,ECUADOR,
ASESINATO,ZONA 4,MANABI,RURAL,VIA PUBLICA,2022-01-29,,AMENAZA,HOMBRE,SOLTERO,ECUADOR,
ASESINATO,ZONA 7,EL ORO,RURAL,COOPERATIVA DE TRANSPORTES,2022-01-29,REVOLVER            ,TRAFICO INTERNOS DE DROGAS (MICROTRAFICO),MUJER,SOLTERO,ECUADOR,
HOMICIDIO,ZONA 4,MANABI,URBANO,CASA/VILLA,2022-01-29,CORTO PUNZANTE,RIÑAS,HOMBRE,SOLTERO,ECUADOR,
HOMICIDIO,ZONA 9,D.M. QUITO,URBANO,VIA PUBLICA,2022-01-29,,ROBO A PERSONAS,HOMBRE,SOLTERO,ECUADOR,
ASESINATO,ZONA 8,D.M. GUAYAQUIL,URBANO,PARQUES Y PLAZAS,2022-01-29,,TRAFICO INTERNOS DE DROGAS (MICROTRAFICO),HOMBRE,SOLTERO,ECUADOR,
ASESINATO,ZONA 8,D.M. GUAYAQUIL,URBANO,VIA PUBLICA,2022-01-29,,TRAFICO INTERNOS DE DROGAS (MICROTRAFICO),HOMBRE,SOLTERO,ECUADOR,BACHILLERATO
ASESINATO,ZONA 4,MANABI,RURAL,VIA PUBLICA,2022-01-30,,AMENAZA,HOMBRE,CASADO,ECUADOR,
ASESINATO,ZONA 5,GUAYAS,RURAL,BARES,2022-01-30,,AMENAZA,HOMBRE,SOLTERO,ECUADOR,
ASESINATO,ZONA 5,GUAYAS,RURAL,BARES,2022-01-30,,AMENAZA,HOMBRE,SOLTERO,ECUADOR,
ASESINATO,ZONA 4,MANABI,URBANO,VIA PUBLICA,2022-01-30,,AMENAZA,HOMBRE,SOLTERO,ECUADOR,
ASESINATO,ZONA 1,ESMERALDAS,URBANO,VIA PUBLICA,2022-01-30,,AMENAZA,HOMBRE,SOLTERO,ECUADOR,INICIAL
ASESINATO,ZONA 1,ESMERALDAS,URBANO,VIA PUBLICA,2022-01-30,,AMENAZA,HOMBRE,SOLTERO,ECUADOR,
ASESINATO,ZONA 8,D.M. GUAYAQUIL,URBANO,VIA PUBLICA,2022-01-30,,AMENAZA,HOMBRE,SOLTERO,ECUADOR,
ASESINATO,ZONA 6,CAÑAR,URBANO,VIA PUBLICA,2022-01-31,,TRAFICO INTERNOS DE DROGAS (MICROTRAFICO),HOMBRE,SOLTERO,ECUADOR,
ASESINATO,ZONA 7,EL ORO,URBANO,VIA PUBLICA,2022-01-31,,AMENAZA,HOMBRE,EN UNION DE HECHO,COLOMBIA,
ASESINATO,ZONA 5,SANTA ELENA,URBANO,VIA PUBLICA,2022-01-31,,TRAFICO INTERNOS DE DROGAS (MICROTRAFICO),HOMBRE,SOLTERO,ECUADOR,
ASESINATO,ZONA 1,ESMERALDAS,URBANO,VIA PUBLICA,2022-01-31,,AMENAZA,HOMBRE,SOLTERO,ECUADOR,BASICA
ASESINATO,ZONA 6,AZUAY,URBANO,VIA PUBLICA,2022-01-31,,AMENAZA,HOMBRE,CASADO,ECUADOR,
ASESINATO,ZONA 6,AZUAY,RURAL,CASA/VILLA,2022-01-30,,AMENAZA,HOMBRE,SOLTERO,ECUADOR,BACHILLERATO
ASESINATO,ZONA 8,D.M. GUAYAQUIL,URBANO,VIA PUBLICA,2022-01-29,,ROBO DE CARROS,HOMBRE,SOLTERO,ECUADOR,
ASESINATO,ZONA 5,SANTA ELENA,URBANO,VIA PUBLICA,2022-01-28,,TRAFICO INTERNOS DE DROGAS (MICROTRAFICO),MUJER,SOLTERO,ECUADOR,
ASESINATO,ZONA 5,LOS RIOS,URBANO,VIA PUBLICA,2022-01-20,,TRAFICO INTERNOS DE DROGAS (MICROTRAFICO),MUJER,CASADO,ECUADOR,
